Article,Category
Dutch vote in tight election with far right set for gains,World
Deadly green mamba snake on the loose in Dutch city,World
Who are the Palestinian prisoners on Israel’s list for potential release?,World
What do we know about the Israel-Hamas hostage deal?,World
Families of Israeli hostages face an ‘excruciating’ wait for news after Israel and Hamas strike deal,World
A UAE company has secured African land the size of the UK for controversial carbon offset projects,World
Israel and Hamas agree to breakthrough deal on hostage release and four-day truce,World
This beer is made from recycled shower water,World
Indian rescuers dig past halfway mark in efforts to reach trapped workers,World
‘I felt that Africans could also be part of this’: Meet the Kenyan stargazer inspiring children to look to the sky,World
North Korea claims to have put spy satellite into orbit. Analysts say that could make its military stronger,World
Israel considers potential hostage deal with Hamas,World
Frustrations spill over in Israel as hostage families demand answers from Netanyahu,World
"Exclusive: ‘Act now’ to keep US competitive in space race, senators say",World
SpaceX’s explosive test flight achieved key milestones. But there is still a long way to go,World
Majority of Palestinian prisoners eligible for release are male teens,World
Retired general on how Israel and Hamas will use the truce to their advantage,World
2-year-old dies after boat capsizes near Lampedusa,World
Video shows Israeli soldiers forcefully arresting Palestinian man in his home,World
"Iceland declares state of emergency, evacuates residents over threat of volcanic eruption",World
"More than 180,000 demonstrators march in France against antisemitism",World
Circus lion captured after hours on the loose near Rome,World
‘Be prepared for all outcomes’: Inside the saga of a supervolcano that’s waking up,World
British couple died on holiday after adjoining room fumigated for bed bugs,World
Ukraine claims it hit two Russian landing craft in Crimea with sea drones,World
"‘Hope is hard to come by’: In the Red Sea resort of Eilat, Israeli survivors from October 7 face a new threat",World
What we know about what Israel says it has found at Al-Shifa,World
CNN visited the exposed tunnel shaft in the Al-Shifa hospital compound. Here’s what we saw,World
"One evacuated from northern Gaza, the other didn’t. They’re in the same hospital now",World
‘Never going back:’ Israelis evacuated from border town with Lebanon fear war with Hezbollah,World
Five countries ask International Criminal Court to investigate the situation in Palestinian territories,World
The week in 35 photos,World
The Kenyan stargazer inspiring children to look to the sky,World
In pictures: Israel at war with Hamas,World
Green construction innovations,World
Liberia’s President George Weah concedes victory after tight run-off election,World
‘They called me a slave’: Witness testimony exposes alleged RSF-led campaign to enslave men and women in Sudan,World
Disturbing videos emerge showing atrocities against African ethnic groups in Darfur,World
Mass visa cancellations at Saudi airport puts relations with Nigeria in spotlight,World
"As Argentina heads to the polls, will a plan to ditch the peso for the dollar be a vote-winner?",World
Mexico’s first openly non-binary magistrate and prominent LGBTQ activist found dead,World
Protests against copper mine deal turn deadly in Panama,World
Pablo Escobar’s ‘cocaine hippos’ face Colombian government cull,World
Australian prime minister accuses Chinese navy of ‘dangerous’ conduct,World
Civilians caught in the crossfire as fighting escalates between Myanmar military and armed group,World
"Renewed fighting in Myanmar has displaced 26,000 people since Monday, UN says",World
This conservationist lost his eye in a tiger attack — but he’s still fighting to protect the king of the jungle,World
The best Christmas markets taking place around the world in 2023,World
First-ever World of Frozen opens at Hong Kong Disneyland,World
American Airlines reviewing viral video showing wheelchair crashing onto airport tarmac,World
The history of Macy’s Thanksgiving Parade: 5 facts you may not know,World
TSA rules: What’s allowed in — and prohibited from — your carry-on bag this holiday season,World
Look of the week: Emily Ratajkowski and the ultra-cinched puffer,World
Remember when Angelina Jolie’s thigh-high slit dress kickstarted the ‘Angelina Effect’?,World
Animatronic model of E.T.’s head expected to fetch up to $1 million at auction,World
The Iranian artist using painting to honor her lost homeland,World
Meet the Thai celebrities — and ‘boys love’ stars — becoming fashion’s newest power players,World
Disruptive Thanksgiving-week storm affecting much of the East as holiday travel rush begins,World
"Several tornadoes reported as dangerous storms fire up, threatening 20 million from Texas to the Southeast",World
"Significant Thanksgiving-week storm will disrupt travel with rain, snow and severe storms",World
Snow and rain to bring weather woes to millions of Thanksgiving travelers,World
Survivors of the ‘Nakba’ in Lebanon speak up about war in Gaza,World
Family member of hostage reacts to hostage release deal,World
‘My whole life is ruined’: Children describe shattered dreams after injuries in Gaza,World
"November 21, 2023 Israel-Hamas war",World
Ret. US general talks about the potential military impact of a four-day pause,World
Family member of hostage says he’s getting text messages from Hamas. Here’s what they say,World
Relative of three hostages anxiously awaits release deal,World
What about the hostages left out of proposed release deal?,World
Elon Musk sues Media Matters over antisemitism report,World
Napoleon Bonaparte’s hat is up for auction in Paris,World
Study reveals first mammal known to mate without using penetration,World
Dan Senor: Israel’s establishment feels ‘unbelievable burden of guilt’,World
‘Lost its soul’: Campaigners decry renovation of Thailand’s iconic ‘Robot Building’,World
This massive ‘floating’ museum is straight out of science fiction,World
"Skeletons unearthed in ‘incredibly rare’ 5,000-year-old Scottish tomb",World
See inside the $50M penthouse that will crown the Waldorf Astoria Miami,World
Sydney Opera House at 50: See what Australia’s best-known building could have looked like,World
Brazil vs. Argentina: Historic World Cup qualifier is overshadowed by violence and chaos at the Maracanã stadium,World
Baseball great Ichiro Suzuki throws shutout against a high school girls’ team in Japan,World
"Tom Brady is not impressed with today’s NFL, says there’s ‘a lot of mediocrity’",World
"LeBron James becomes the first NBA player to score 39,000 points as LA Lakers clinch In-Season Tournament knockout spot",World
Meet the people who are making the world a better place,World
CNN Heroes 2023 Voting Disclosures,World
CNN Heroes Legal Disclosures 2024,World
"For hundreds of migrant children living in shelters at the border, this CNN Hero’s mobile classrooms offer education and stability",World
New Hampshire voters take note as Haley rises in the polls,US Politics
Formation of new super PAC raises questions about tensions between DeSantis and Never Back Down,US Politics
"US fires on and kills hostile forces, launches precision airstrikes after attack in Iraq",US Politics
Biden campaign targets two key battleground states with ads during Thanksgiving Day football game,US Politics
"A futuristic airport terminal, a fish passage and ski town bus lanes: Infrastructure projects funded by the bipartisan law",US Politics
"Inside the painstaking negotiations between Israel, Hamas, the US and Qatar to free 50 hostages",US Politics
"Republican Celeste Maloy will win House special election in Utah, CNN projects",US Politics
Former Trump Org. controller breaks down in tears on witness stand in fraud trial,US Politics
Georgia judge declines to send Trump co-defendant in election fraud case to jail over social media posts,US Politics
"Hostage families welcome first, precarious hopes after Israel-Hamas deal",US Politics
Trump’s gag order appeal previews America’s grave election year stress test,US Politics
This may be Biden’s best hope of reversing his slide with Black and brown voters,US Politics
Polling shows a huge age gap divides the Democratic Party on Israel,US Politics
Haley and DeSantis still can’t solve their Trump problem as time runs short in GOP race,US Politics
Joe Biden is facing a near-historic deficit for an incumbent,US Politics
Protests encapsulate progressive angst that could imperil Biden’s 2024 campaign,US Politics
"Takeaways from the Biden-Xi summit, where low expectations were met",US Politics
"Despite the House passing a stopgap funding bill, representatives acted out a farce",US Politics
Hear how some 2024 candidates reacted to Israel-Hamas deal,US Politics
House speaker compares abortion to ‘American holocaust’ in audio clip,US Politics
"Biden, a pre-boomer, is losing the young voters Democrats need",US Politics
This geographic shift may decide Tuesday’s elections,US Politics
Fact checking the 3rd GOP debate of the 2024 election,US Politics
Fact check: Donalds makes inaccurate claim about Biden’s income to argue he couldn’t legitimately afford loan to his brother,US Politics
Mike Johnson’s America: Revisit landmark SCOTUS decisions and use government to ‘restrain evil’,US Politics
Arizona fake electors led vocal campaign to overturn the 2020 election – they’re now part of a ‘robust’ state investigation,US Politics
University of Tampa is the seventh college facing a Department of Education investigation in the wake of the Israel-Hamas war,US Politics
Colorado Supreme Court to hear appeals in 14th Amendment challenge to Trump’s candidacy,US Politics
Iowa evangelical leader Bob Vander Plaats endorses DeSantis’ presidential bid,US Politics
House Judiciary GOP subpoenas assistant US attorney involved in Hunter Biden probe,US Politics
Two more House lawmakers announce they won’t run for reelection,US Politics
White House declassifies intel suggesting Wagner Group is preparing to provide air defense capability to Hezbollah or Iran,US Politics
House Speaker Johnson meets with Trump at Mar-a-Lago,US Politics
These young Michigan voters are divided on Biden’s handling of the Israel-Hamas war and aren’t guaranteeing him their votes,US Politics
Fears grow in Congress over Ukraine and Israel aid amid dispute over immigration and spending cuts,US Politics
US Navy jet overshoots runway into water off Hawaii,US Politics
Exclusive: This pizza box-sized equipment could be key to Ukraine keeping the lights on this winter,US Politics
US Defense Secretary Austin makes surprise visit to Kyiv to reemphasize support for Ukraine,US Politics
Biden’s birthday prompts debate about age and wisdom of America’s oldest president,US Politics
"Utah man charged with threatening pro-Palestinian group in Washington, DC",US Politics
Appeals court strikes down key tool used to enforce Voting Rights Act,US Politics
Trump co-defendant says Georgia prosecutors are retaliating against him for rejecting a plea deal,US Politics
Trump releases doctor’s note saying he is in ‘excellent’ health,US Politics
Voting Rights Act ruling is latest attempt by Trump-nominated judges to overturn Supreme Court precedent,US Politics
US imposes visa restrictions on two Russian military officials for human rights violations in Ukraine,US Politics
Takeaways from the tense appeals court hearing over the Trump gag order in federal election subversion case,US Politics
Commission on Presidential Debates announces dates and locations for 2024 general election debates,US Politics
Fact check: Trump keeps saying he’s been indicted more than Al Capone. It’s not true,US Politics
White House eager to promote dropping prices this Thanksgiving season amid campaign headwinds,US Politics
Democratic Rep. Tony Cardenas of California won’t seek reelection,US Politics
Biden grants turkey justice as Liberty and Bell ride the gravy train to the White House,US Politics
In pictures: President John F. Kennedy,US Politics
In pictures: The assassination of President Kennedy,US Politics
In pictures: Former first lady Rosalynn Carter,US Politics
"Spotify to slash royalties for rain sounds, white noise and other non-music tracks",Business
"The NFL, Washington Post, and Walmart: Here are the major companies still advertising on X despite Elon Musk’s antisemitic endorsement",Business
Here are the dozen brands that have paused ads on X amid ongoing crisis for Elon Musk’s platform,Business
Economist Larry Summers joins the board of OpenAI as ousted CEO Sam Altman returns,Business
Mortgage rates fall for fourth week but stay above 7%,Business
5 takeaways from America’s biggest crypto crackdown in history,Business
"OpenAI: The cast of characters of Silicon Valley’s latest, juiciest upheaval",Business
Gas prices could fall further as oil drops 4% on OPEC meeting delay,Business
Sam Altman returns to OpenAI in a bizarre reversal of fortunes,Business
EU stops advertising on X over hate speech. Fines could follow next year,Business
This Moroccan startup is growing crops in the desert,Business
Warren Buffett donates $870 million to charities ahead of Thanksgiving,Business
What’s open and closed on Thanksgiving Day 2023,Business
OpenAI’s wild week. How the Sam Altman story unfolded,Business
"Jake Tapper reveals challenges of covering war, why he feels news outlets ‘censor too much’ and what has left him ‘shocked’",Business
Chicken wings are on Popeyes menu for good,Business
CEO of Chinese online game streaming firm arrested amid executive crackdown,Business
"What is Binance, why is it in so much trouble, and what does it mean for crypto?",Business
Democrats accuse X of profiting from Hamas propaganda,Business
"Paris Hilton’s media company suspends ads on X, one month after agreeing to touted partnership with the platform",Business
CEO of world’s largest cryptocurrency exchange pleads guilty to money laundering violations,Business
OpenAI’s turmoil is about more than Sam Altman,Business
Holiday shopping: Month-long sale season may dilute the impact of Black Friday,Business
Inside London’s ‘zero-waste’ fine dining restaurant,Business
Former CEO Sam Altman to return to OpenAI,Business
Why the US government is still working with Elon Musk amid antisemitic comments,Business
"Top AI firm fires CEO, amid debate over AI",Business
Can Argentina really move from the peso to the dollar?,Business
Tesla shareholder calls on board to suspend Elon Musk for agreeing with antisemitic post,Business
Prices for a set of Messi’s World Cup jerseys could exceed a record $10 million,Business
Sam Altman warns AI could kill us all. But he still wants the world to use it,Business
Sam Altman is back at OpenAI … with a guest badge,Business
Argentina election: Milei’s victory puts the peso’s future in doubt,Business
From Sin City to Sports Central: How Las Vegas is betting big on a lucrative industry,Business
Extreme weather and falling demand are pushing wineries into the red,Business
The US government printed more than 750 million $50 bills in 2022. Here’s why,Business
Recent college grad says his life was turned upside down by Elon Musk. Now he’s fighting back,Business
500+ OpenAI employees threaten to quit over CEO firing,Business
Over 500 employees sign scathing letter to OpenAI over Altman’s firing. Here’s what it says,Business
Energy execs: Europe in a ‘better position’ this winter,Business
Interest rates are high. These are the best places to park your cash,Business
"The Powerball jackpot is huge, but here are 3 better ways to increase your wealth",Business
Why aren’t more women leading US companies? Americans weigh in,Business
Gen Xers are next in line for retirement. Many haven’t saved nearly enough,Business
Bumble founder Whitney Wolfe Herd steps down as CEO. She’ll be replaced by Slack’s leader,Business
"Behold ‘Grok,’ Elon Musk’s AI chatbot with a ‘rebellious’ streak",Business
Epic Games goes to court to challenge Google’s App store practices,Business
"Google, Lendlease axe plans for $15 billion development in Bay Area",Business
Striking actors are reviewing Hollywood and TV studios’ ‘best and final offer’,Business
William Lewis is named publisher and CEO of the Washington Post,Business
White House condemns Fox News for ‘standing up on behalf of hate’ after host attacks CNN anchors’ Jewish heritage,Business
White House calls on Fox News to apologize after top host’s ‘sickening’ Islamophobic rant,Business
"Earn up to 95,000 bonus points or three free nights with these Marriott credit card offers",Business
Should you buy airline miles and hotel points? Everything you need to know,Business
The 10 best credit cards for airline and hotel elite status benefits,Business
How you can earn Marriott’s top levels of elite status in 2023 just by holding a credit card,Business
Why lab-grown diamond sales are surging,Business
The Chevrolet Corvette is officially going electric,Business
This social app prohibits edited photos to encourage users to be more authentic. It’s growing fast,Business
"BMW reveals its new $120,000 electric flagship",Business
Apple’s ‘scary fast’ upgrades hint at its vision for the AI era,Business
Cold weather testing: Airplanes endure punishing extremes,Business
"In less than a week, Sam Bankman-Fried’s $16 billion fortune evaporated",Business
"What is Binance, why is it in so much trouble, and what does it mean for crypto?",Markets
CEO of world’s largest cryptocurrency exchange pleads guilty to money laundering violations,Markets
"As the CEO of Land O’Lakes, she’s changing the rules of American farming",Markets
Microsoft stock hits all-time high after hiring former OpenAI CEO Sam Altman,Markets
Can Argentina really move from the peso to the dollar?,Markets
A record number of $50 bills were printed last year. It’s not why you think,Markets
"Falling prices may sound good, but deflation can be dangerous. Here’s why",Markets
An Alabama mom is pregnant in each of her two uteruses in an extremely rare case of twins,Health
"‘A living hell inside of my head’: For first time, more advanced stage of CTE diagnosed in teen football player",Health
"Death, preterm labor reported in Listeria outbreak linked to recalled peaches, plums, nectarines",Health
Even more free home Covid-19 tests are available for order from the US government,Health
"Births have increased in states with abortion bans, research finds",Health
"After more reports of illnesses from recalled applesauce pouches, FDA is screening cinnamon shipments for lead",Health
"As holiday season gets underway, here’s how to protect yourself and your family from respiratory viruses",Health
"Covid-19 vaccination rate is ‘lower than we’d like to see,’ CDC says",Health
"Another study links ultraprocessed foods to cancer, but questions remain",Health
"People taking ADHD medications should closely monitor their heart health, study suggests",Health
The essentials list: Tennis champ Coco Gauff shares her 7 everyday essentials,Health
FDA considers first CRISPR gene editing treatment that may cure sickle cell,Health
"As Earth’s temperature rises, so do deaths among people with mental health problems",Health
"Cantaloupe, fruit products recalled amid CDC investigation of salmonella infections",Health
Ultraprocessed foods now account for two-thirds of calories in the diets of children and teens,Health
Why you ‘regress’ when you go home for the holidays — and how to avoid it,Health
Study reveals first mammal known to mate without using penetration,Health
"Exclusive: ‘Act now’ to keep US competitive in space race, senators say",Health
"The most powerful rocket ever built just went farther than it had ever gone, then was lost",Health
Keep an eye on the sky for the Leonid meteor shower this weekend,Health
It’s time to walk the dog (and yourself) for better fitness,Health
5 things to do when you’re depressed,Health
"Developing multiple health conditions, including cancer, linked to ultraprocessed foods",Health
Being a nice person is not the same as being kind. Why the difference is so important,Health
Seasonal affective disorder doesn’t mean you have to be SAD. Here are 6 ways to fight the blues,Health
"Cutting 1 teaspoon of salt works as well as blood pressure meds, study finds",Health
Opinion: Here’s one more reason to stop shaming parents,Health
"To survive a long flight in coach, bring these 5 items",Health
"How not to slice an onion, according to a chef",Health
What is ultraprocessed food? Nutritionist explains why it can taste different,Health
"About three-quarters of Americans do not fear getting Covid-19 this holiday season, KFF survey finds",Health
CRISPR treatment has been greenlit in UK in global first. Here’s who it could help,Health
WHO makes loneliness a global health priority with new Commission on Social Connection,Health
Clap with me now for Marlon Wayans,Health
"For second year in a row, US gets D+ grade for high preterm birth rate: ‘There’s so much work to be done’",Health
‘Squid Game: The Challenge’ turns the dystopian drama into a super-sized ‘Big Brother’,Entertainment
"Matt Rife stirs backlash with domestic abuse joke, responds with link to medical helmets",Entertainment
Ralph Macchio and Jackie Chan to kick off another chapter of ‘The Karate Kid’ franchise,Entertainment
Martha Stewart clarifies her holiday plans: ‘It’s not true that I gave up Thanksgiving!’,Entertainment
The Rolling Stones are hitting the road next year on a tour sponsored by AARP,Entertainment
"BTS members RM, Jimin, V and Jung Kook enlist for South Korean military service",Entertainment
Cara Delevingne says Travis Kelce and her friend Taylor Swift’s relationship is ‘very different’,Entertainment
"André 3000 thinks he’s too old to keep rapping. Jay-Z, Eminem and Big Boi would like a word",Entertainment
‘Wish’ tries to thaw out some of Disney’s ‘Frozen’ magic,Entertainment
Gayle King says Oprah told her to stop begging Jay-Z for an interview,Entertainment
‘Monarch: Legacy of Monsters’ could use more Godzilla and fewer people,Entertainment
I listened to Dolly Parton’s new 2 1/2 hour-long ‘Rockstar’ album in one sitting. This is what I took away,Entertainment
Scott Pilgrim Then vs. Now,Entertainment
How ‘The Day After’ brought Americans together – and helped end the Cold War,Entertainment
‘Rustin’ dutifully gives the March on Washington leader an overdue showcase,Entertainment
Gwyneth Paltrow explains why she ‘stepped away’ from acting after Apple’s birth,Entertainment
David Letterman returns to ‘The Late Show’,Entertainment
Ridley Scott isn’t done talking or creating: ‘It’s fuel to me’,Entertainment
Shakira settles tax evasion suit with Spanish authorities,Entertainment
‘The Walking Dead: The Ones Who Live’ gets teaser and premiere date,Entertainment
Bradley Cooper practiced six years for six minutes of conducting in ‘Maestro’,Entertainment
‘Modern Family’ cast reunited with one notable absence,Entertainment
Susan Sarandon is no longer represented by UTA after comments made at pro-Palestinian rally,Entertainment
‘Fargo’s’ fifth season feels too much like an accent in search of a series,Entertainment
‘Next Goal Wins’ takes a shot with Taika Waititi’s whimsical soccer comedy,Entertainment
‘The Crown’ turns to Princess Diana in its final season,Entertainment
‘Napoleon’ saddles up Joaquin Phoenix to lead the charge in Ridley Scott’s chilly epic,Entertainment
‘The Hunger Games: The Ballad of Songbirds & Snakes’ falls flat in going back to the future,Entertainment
How Usher is preparing for his Super Bowl performance to take it to ‘another level’,Entertainment
‘Albert Brooks: Defending My Life’ dines out on the career of a comedy genius,Entertainment
Meet the Season 6 cast of ‘The Crown’,Entertainment
OutKast’s André ‘3000’ is releasing an instrumental flute album,Entertainment
‘The Gilded Age’ builds its soapy second season around a fight at the opera,Entertainment
Sylvester Stallone reminisces about his ‘Rocky’ rise in the nostalgic ‘Sly’,Entertainment
‘Black Cake’ rises to the challenge of adapting Charmaine Wilkerson’s mystery,Entertainment
"‘Saltburn’ director Emerald Fennell explores the dark side of the British ruling class: ‘Everything is personal, isn’t it?’",Entertainment
Please Don’t Destroy gets a bigger canvas for the same shtick in ‘The Treasure of Foggy Mountain’,Entertainment
‘Inside Out 2’ teaser introduces a new emotion we can all relate to,Entertainment
"The internet chewed up and spat out Nicolas Cage. With ‘Dream Scenario,’ he’s processing all that",Entertainment
‘The Holdovers’ passes the ‘should see’ test with flying colors,Entertainment
How ‘Nightmare Before Christmas’ went from cult classic to beloved Disney property,Entertainment
"Spotify to slash royalties for rain sounds, white noise and other non-music tracks",Tech
"The NFL, Washington Post, and Walmart: Here are the major companies still advertising on X despite Elon Musk’s antisemitic endorsement",Tech
Here are the dozen brands that have paused ads on X amid ongoing crisis for Elon Musk’s platform,Tech
Economist Larry Summers joins the board of OpenAI as ousted CEO Sam Altman returns,Tech
"OpenAI: The cast of characters of Silicon Valley’s latest, juiciest upheaval",Tech
Sam Altman returns to OpenAI in a bizarre reversal of fortunes,Tech
EU stops advertising on X over hate speech. Fines could follow next year,Tech
OpenAI’s wild week. How the Sam Altman story unfolded,Tech
Microsoft CEO doesn’t dismiss possibility of Sam Altman returning to OpenAI,Tech
"Top AI firm fires CEO, amid debate over AI",Tech
Ad execs encourage X CEO Linda Yaccarino to quit after Elon Musk’s antisemitic embrace,Tech
"Who is Emmett Shear, OpenAI’s third CEO in three days?",Tech
US Marshals serve CEOs of X and Discord with congressional subpoenas ahead of Big Tech child safety hearing,Tech
Sam Altman joins Microsoft as OpenAI names its third CEO in 3 days,Tech
How to protect yourself from iPhone thieves locking you out of your own device,Tech
US government’s proposal to boost EV sales is challenging but not impossible,Tech
FBI warns consumers not to use public phone charging stations,Tech
See CNN co-anchors absolutely lose it over John Berman’s report,Tech
Mortgage rates fall for fourth week but stay above 7%,Tech
Remember when Angelina Jolie’s thigh-high slit dress kickstarted the ‘Angelina Effect’?,Style
Red carpet fashion at the Billboard Music Awards 2023,Style
One of Napoleon’s trademark hats sells for record $2.1 million,Style
World’s ‘most sought-after’ whisky sells for $2.7 million,Style
Miss Nicaragua wins 2023 Miss Universe pageant,Style
The shoe with staying power: Louboutin’s red sole turns 30,Style
I needed a new wardrobe after chemo changed my hair. Could ‘personal color analysis’ help?,Style
Why a Dutch designer is knitting jumpers from human hair,Style
The Iranian artist using painting to honor her lost homeland,Style
These portraits show young people who are proud to be Native — even if others don’t see them that way,Style
Capturing the wild days of early-2000s indie rock,Style
Is this Banksy’s real name? Resurfaced interview suggests it could be,Style
‘The Hesitant Fiancée’s’ 19th-century eye roll is connecting with fed-up women on TikTok,Style
Russian artist receives seven-year sentence for anti-war protest,Style
Long-lost $26 million masterpiece found in kitchen heads to the Louvre after 4-year campaign,Style
The former host of ‘Reading Rainbow’ used to encourage kids to read books. Now he’s telling adults not to ban them,Style
A Texas museum acquired this masterpiece for $26M. But the Louvre wants to keep it in France,Style
‘Lost its soul’: Campaigners decry renovation of Thailand’s iconic ‘Robot Building’,Style
This massive ‘floating’ museum is straight out of science fiction,Style
"Skeletons unearthed in ‘incredibly rare’ 5,000-year-old Scottish tomb",Style
See inside the $50M penthouse that will crown the Waldorf Astoria Miami,Style
Sydney Opera House at 50: See what Australia’s best-known building could have looked like,Style
Inside the UK’s new $292 million arts center,Style
World’s tallest wooden tower to be built in Australia,Style
Look of the week: Emily Ratajkowski and the ultra-cinched puffer,Style
Meet the Thai celebrities — and ‘boys love’ stars — becoming fashion’s newest power players,Style
See the best evening gowns at the 2023 Miss Universe competition,Style
Look of the Week: ‘Succession’ star Brian Cox is no longer dressing for the boardroom,Style
"Prince’s iconic white, ruffled ‘Purple Rain’ shirt is up for auction",Style
Kate Beckinsale attends Leonardo DiCaprio’s birthday in a party dress with a familiar blue gemstone,Style
"Mushrooms, snails and plant roots: The surprising story of how your clothes got their color",Style
A space for humans and pigeons to share is among the highlights of Dubai Design Week,Style
People are making furniture out of cardboard. And it looks like this,Style
Sound of the underground: This guitar maker finds music in mushrooms,Style
A new docuseries follows Juul’s catastrophic crash and burn,Style
"Long-lost ‘Star Wars’ X-wing model up for auction with starting price of $400,000",Style
Celebrity florist Jeff Leatham is in full bloom,Style
Highlights from the 2023 Miss Universe pageant’s national costume competition,Style
Woman makes record-breaking wig longer than seven Olympic swimming pools,Style
‘It’s something essential’: Inside the exhibition reframing beauty,Style
Miss Universe owner files for bankruptcy days before pageant,Style
Miss Universe will feature two trans contestants for the first time,Style
"‘I want the fragrance everywhere.’ Why Tyler, the Creator is betting on beauty",Style
"Ariana Grande reveals she had ‘a ton’ of lip filler and Botox, but stopped years ago",Style
Tell-all book lifts the lid on troubled beauty brand Glossier,Style
Animatronic model of E.T.’s head expected to fetch up to $1 million at auction,Style
How 2023 became the year of the lab-grown diamond,Style
Most expensive Ferrari ever auctioned fetches $51.7 million,Style
"Rare Titanic menu shedding light on life aboard sells for over $100,000",Style
‘Looty’: How a dog stolen from China sparked a British luxury craze,Style
‘Bleu Royal’ diamond fetches almost $44 million at auction,Style
As We Are,Style
Jennifer Lawrence has wardrobe malfunction at holiday event,Style
"Why this common, but overlooked ‘mid-size’ body type is taking over TikTok",Style
See Heidi Klum’s entrance to her annual Halloween bash,Style
This tattoo artist’s work is unlike anything you’ve ever seen,Style
"Watch 1,000 drones fly over Central Park in stunning aerial art performance",Style
A swarm of drones lights up the night’s sky,Style
"‘My beliefs haven’t changed’: From social housing to skyscrapers, architect Moshe Safdie is still an idealist",Style
How this dream-like photo challenges the male gaze,Style
Life in limbo: Photographer documents ‘Kafka-esque’ migrant experience,Style
Photo of a man posing with a Coca-Cola bottle symbolized a cultural shift in China,Style
This photo of male intimacy in 1980s India was more subversive than it seems,Style
How this photographer makes sublime landscapes of the American West,Style
What this playful photo reveals about Hong Kong’s infamous ‘Walled City’,Style
Skiplagging: Why some flyers love it and why airlines hate it,Travel
What causes travel constipation and how to fix it,Travel
First-ever World of Frozen opens at Hong Kong Disneyland,Travel
Don’t put your bare feet on another passenger’s armrest — and more etiquette tips for a smoother flight,Travel
Frozen first as Boeing 787 Dreamliner makes landing in Antarctica,Travel
How an unexpected Middle East destination is becoming a rock-climbing paradise,Travel
World’s largest twin-engine private jet gets interiors fit for royalty,Travel
"In a remote corner of Asia, one of the world’s oldest cities continues to awe visitors",Travel
The world’s ‘best tourism villages’ for 2023,Travel
"As a kid she posed with her pilot dad in the cockpit. Years later they recreated the photo, with a twist",Travel
Find out why this garden has been named ‘the most beautiful in Japan’ for 20+ years,Travel
When is a car faster than a plane? When it’s electric,Travel
"Up, up and away! See 10 decades of Thanksgiving Day parade balloons",Travel
The history of Macy’s Thanksgiving Parade: 5 facts you may not know,Travel
"Alaska in winter? Yes, that might be the best time go. Here’s why",Travel
Heart-shaped beds and champagne hot tubs: Inside America’s adults-only hotels,Travel
Beyond suites: Where does business class innovate next?,Travel
One of Japan’s most elegant hotels is actually a treehouse,Travel
The parents hiking America’s longest trails with five kids,Travel
An Italian ski resort shut down by climate change plans to reopen with artificial snow,Travel
American Airlines reviewing video showing wheelchair crashing onto airport tarmac,Travel
Thanksgiving travel: Be ready to share the roads and the skies,Travel
Transportation secretary: Some of the busiest travel days in US history coming,Travel
What to do if your flight is canceled or delayed,Travel
Light pole falls at Disneyland during high winds; 3 visitors injured,Travel
"Philippines bans US traveler for life, accusing him of writing profanities on form",Travel
A cruise for Taylor Swift fans plans to set sail next year. But don’t expect Swift to be on it,Travel
Sub-Saharan Africa just hit 100 World Heritage Sites. UNESCO says that’s not enough,Travel
Plane turns back to JFK after horse escapes on board,Travel
New Zealand crowns ‘bird of the century’ championed by John Oliver,Travel
Teacher takes students on ‘trip’ to Mexico. See how airline responded,Travel
Airline to honor $1.30 flight tickets sold during glitch,Travel
Snake pizza on the menu at Pizza Hut,Travel
Michelin-starred restaurant closes because it’s too expensive,Travel
Female monks preserve the ancient art of Korean temple cuisine,Travel
A cake in the shape of a diving platform wins the Pastry Grand Prix in Paris,Travel
The ‘world’s skinniest hotel’ measures nine feet across,Travel
Inside Dolly Parton’s new resort lodge in the Tennessee mountains,Travel
Secrets of the ‘world’s best hotel’,Travel
Fontainebleau readying $3.7-billion Las Vegas hotel,Travel
She went on a solo trip to Italy. Right away she met the love of her life,Travel
She bought an airplane ticket she thought was a scam. Then her future husband was on board,Travel
She broke up with her boyfriend and moved in with a man she’d known for 3 weeks. Here’s what happened next,Travel
A short history of the long fight over breakfast tacos,Travel
This legendary sandwich was created by accident,Travel
All the restaurants Eva Longoria visits in ‘Searching for Mexico’,Travel
"‘I was up to my waist down a hippo’s throat.’ He survived, and here’s his advice",Travel
"How to survive a bear attack – or better yet, avoid one altogether",Travel
What to do when a shark goes after you,Travel
Unlocking The World,Travel
Han Kwang Song: North Korean striker scores in World Cup qualifier after vanishing from world soccer for over three years,Sports
Baseball great Ichiro Suzuki throws shutout against a high school girls’ team in Japan,Sports
"LeBron James becomes the first NBA player to score 39,000 points as LA Lakers clinch In-Season Tournament knockout spot",Sports
Cricket’s governing body announces new regulations excluding some trans women from international women’s cricket,Sports
Brazil vs. Argentina: Historic World Cup qualifier is overshadowed by violence and chaos at the Maracanã stadium,Sports
US men’s soccer team shocked by Trinidad and Tobago but still makes Nations League semifinals,Sports
"Tom Brady is not impressed with today’s NFL, says there’s ‘a lot of mediocrity’",Sports
‘Why did the VAR keep silent?’ Ukrainian media slams ‘scandalous’ decision in Euro 2024 qualifier against Italy,Sports
The fight for motherhood in the world of soccer,Sports
Japan’s pitching sensation Yoshinobu Yamamoto is set to become MLB’s next star,Sports
Inflatable dome collapse delays Tiger Woods’ indoor golf venture by a year,Sports
Prince Harry drops the ceremonial puck during NHL game,Sports
"‘Mia, thanks for inspiring me’: After unimaginable personal tragedy, Camilo Villegas is a champion again",Sports
"Philadelphia Eagles win Super Bowl rematch, defeating the Kansas City Chiefs, 21-17",Sports
"Lewis Hamilton hits back at Las Vegas GP critics, saying the race ‘proved them wrong’",Sports
Dimitar Berbatov thinks Bulgarian soccer is in the grips of a ‘major crisis.’ He says he’s the man to fix it,Sports
These twin brothers made history before even stepping foot on an NBA court,Sports
Ice hockey players have been ‘stubborn’ about wearing neck protection. That might be about to change,Sports
A doping free-for-all Enhanced Games calls itself the answer to doping in sports. Opponents say it poses a danger to health,Sports
"From breaking records to LeBron James shoutouts, meet Puka Nacua, the ‘special’ rookie wide receiver",Sports
Super shoes have ‘blown distance running into a new stratosphere.’ Are they benefitting the sport?,Sports
"After her three children died, 85-year-old Mavis Paterson cycled 1,000 miles around Scotland",Sports
"After a life-changing diagnosis, this Frenchman is embracing his ‘second chance at life’",Sports
American soldiers brought breakdancing to South Korea. Now it’s writing its own history,Sports
Saudi Arabia is trying to disrupt soccer’s world order. The reasons why might surprise you,Sports
Villegas reflects on emotional Bermuda Championship victory,Sports
Emma Hayes named US Women’s soccer coach,Sports
Canada wins Billie Jean King Cup for first time,Sports
Caster Semenya opens up about her fight to run as a woman,Sports
Increasing visibility and representation in sport leadership,Sports
How not making the Olympics ‘saved’ Molly Carlson from an eating disorder,Sports
Luton Town midfielders’ remarkable journey to the Premier League,Sports
Meet the skydiver who flew in a wingsuit past the castle which inspired Walt Disney,Sports
Why is Saudi Arabia signing so many soccer players?,Sports
Charles Barkley says Michael Jordan is the GOAT,Sports
Frustrated golfer throws club into tree – loses two more trying to retrieve it,Sports
Tiger Woods to make first competitive start since Masters withdrawal at Hero World Challenge,Sports
Tiger Woods’ son Charlie wins high school state golf championship,Sports
Six bull sharks inadvertently made their home on an Australian golf course. Then they vanished,Sports
Mohamed Salah targeted by pitch invaders during Egypt match; escorted off by men in military uniforms,Sports
France beats Gibraltar a record 14-0 in Euro 2024 qualifier,Sports
Luis Díaz inspires Colombia to emotional victory as his father watches from stands after kidnap release,Sports
Amnesty International says ‘abuses persist’ and ‘too little has been done’ to protect workers after Qatar World Cup,Sports
Novak Djokovic’s 19-match winning streak ended by Italian youngster Jannik Sinner,Sports
Billie Jean King Cup: Leylah Fernandez guides Canada to first ever title,Sports
ATP Finals: Carlos Alcaraz beaten by Alexander Zverev on tournament debut,Sports
Naomi Osaka set to return to tennis at Brisbane International less than six months after giving birth,Sports
Late comebacks and perfect passers: Everything you need to know about Week 11’s Sunday NFL games,Sports
James Harden enjoys first win for LA Clippers with late four-point play against Houston Rockets,Sports
Joe Burrow ruled out for season as NFL investigates how Bengals reported the quarterback’s injury,Sports
Host Charissa Thompson apologizes after saying she fabricated NFL sideline reports; faces mounting criticism,Sports
The best photos of the 2023 Women’s World Cup,Sports
The best photos of the 2022 World Cup,Sports
"‘Our dreams never came true.’ These men helped build Qatar’s World Cup, now they are struggling to survive",Sports
"She apologized for verbally abusing an Olympic judge, but questions over the conduct of China’s ‘Iron Lady’ of diving remain",Sports
Meet the Black women pushing for equality in swimming,Sports
‘I had PTSD’: Culture of abuse in British gymnastics leaves lasting legacy on its victims,Sports
Disruptive Thanksgiving-week storm affecting much of the East as holiday travel rush begins,Weather
"Several tornadoes reported as dangerous storms fire up, threatening 20 million from Texas to the Southeast",Weather
"Significant Thanksgiving-week storm will disrupt travel with rain, snow and severe storms",Weather
Snow and rain to bring weather woes to millions of Thanksgiving travelers,Weather
Receive email alerts from CNN meteorologists,Weather
Video shows Buffalo Bills stadium buried in snow after massive storm | CNN,Weather
Severe storms expected Thanksgiving week,Weather
Traveling for Thanksgiving? Here’s what the weather looks like for travelers,Weather
This city rarely reaches 100 degrees. It is now considered a ‘climate refuge’,Weather
The southern U.S. is finally seeing rain,Weather
Record-breaking temperatures are expected from Arizona to New York,Weather
Atlantic hurricane season isn’t over yet as trouble looms in the Caribbean,Weather
2023 Atlantic Hurricane Season Fast Facts,Weather
Thousands without power after heavy rain and high winds lash South Florida metro areas,Weather
"Microplastics could trigger cloud formation and affect the weather, new study suggests",Weather
Drenching rain on its way to quench Louisiana’s worst drought on record,Weather
First atmospheric river storm of the season targets California next week,Weather
New maps reveal who could see more snow this winter during a strong El Niño,Weather
"Storm Ciarán batters Northwest Europe, killing at least 4 people and cutting 1 million off power grids",Weather
Thousands flee Highland Fire in California as hot and dry Santa Ana winds stoke the flames,Weather
Where trick-or-treaters will face snow or chilling temperatures this Halloween,Weather
Hurricane Otis death toll climbs to 45 in Mexico,Weather
Halloween will feel like December after 30 degree temperature drop in East,Weather
Before-and-afters show devastation from Category 5 Hurricane Otis in Mexico,Weather
"Hurricane Otis kills at least 27 in devastating blow to Acapulco, Mexico, that tore through high-rises and inundated roads",Weather
Halloween temperatures will be spine-chilling for some trick-or-treaters,Weather
"Hurricane Otis’ explosive intensification is a symptom of the climate crisis, scientists say",Weather
"Hurricane Otis’ Category 5 ‘nightmare scenario’ knocks out all communications in Acapulco, Mexico",Weather
The driest place in North America has sprung to life with lakes and flowers after Hurricane Hilary,Weather
"First significant snowstorm of the season targets northwestern US, Northern Plains in an early sign of winter",Weather
"Norma weakens to tropical storm after Mexico landfall, while Tammy bears down on Leeward Islands",Weather
Hurricanes will strike land this weekend by two different oceans,Weather
It’s rained every weekend for nearly two months in the Northeast. Here’s what’s causing it and when it might end,Weather
"You won’t just be able to watch the eclipse, you can also feel it",Weather
The best places to see the ‘ring of fire’ eclipse this weekend,Weather
"Florida tornadoes damage homes, businesses and cars on both coasts",Weather
"Powerful cross-country storm to deliver snow, severe weather and heavy rain",Weather
Lidia’s leftover rain raises flood concerns in western Mexico,Weather
"More heavy rain is on the way to the Northeast on Saturday, threatening NYC flooding again",Weather
Philippe will combine with a potent cold front to soak the Northeast this weekend,Weather
"Tropical Storm Philippe will deliver another wet, miserable weekend to the Northeast",Weather
Hurricane Sandy Fast Facts,Weather
How Tropical Storm Philippe could muck up weather in the Northeast this weekend,Weather
Temperatures are about to come crashing down with a dramatic fall pattern change,Weather
"Rest of hurricane season in ‘uncharted waters’ because of El Niño, record ocean temperatures",Weather
"Canada’s wildfires set to shroud New York City, Northeast in smoky haze",Weather
"Record rain in New York City generates ‘life-threatening’ flooding, overwhelming streets and subways",Weather
High-impact flood event targets New York City through Friday,Weather
The Mississippi River is starving for rain. Its prospects are grim,Weather
An El Niño winter is coming. Here’s what that could mean for the US,Weather
"Ophelia continues weakening as it moves up the East Coast, bringing heavy rain from North Carolina to New Jersey",Weather
Ophelia weakens to tropical depression as it dumps inches of rain along upper East Coast,Weather
Tropical Storm Ophelia strengthens as it threatens East Coast with wet and windy weekend,Weather
"Tropical storm warning issued for parts of East Coast ahead of weekend rain, wind risk",Weather
Coastal storm to deliver nasty weather from Florida to New England into this weekend,Weather
Remnants of Lee move over northern Atlantic after bringing fierce winds and coastal flooding to Canada and northeast US,Weather
"Post-tropical cyclone Lee makes landfall in Nova Scotia, forecast to bring strong wind gusts and rain as it moves inland",Weather
"Hurricane Lee on track to swipe parts of New England with gusty winds, power outages and high surf",Weather
Hurricane Lee lashing Bermuda before striking coastal New England and Atlantic Canada,Weather
Earthquakes Fast Facts,Weather
Massive Hurricane Lee prompts tropical storm and hurricane watches for coastal New England as threat grows,Weather
‘Catastrophic flooding’ damages hundreds of homes as a Massachusetts city engulfed in water is now at risk of dam failure,Weather
A significantly larger Hurricane Lee will keep growing as it races north,Weather
Exceptionally warm Atlantic has been ‘rocket fuel’ for a hyperactive hurricane season. But it’s not over,Weather
"Hurricane Lee forecast to get larger, increasing the risk to land in its uncertain path",Weather
Hurricane Lee restrengthens to Category 3 as East Coast faces hazardous beach conditions this week,Weather
"Powerful Hurricane Lee will create hazardous conditions along the East Coast, regardless of its uncertain final track",Weather
"Hurricane Lee’s path is still unclear, but the East Coast could see dangerous rip currents and large waves beginning this weekend",Weather
Lee adds to a growing trend of intense hurricanes powered by warmer oceans,Weather
Hurricane Lee rapidly strengthens to Category 5 storm as it approaches the Caribbean,Weather
Hurricane Lee strengthens to Category 4 storm as it approaches the Caribbean,Weather
Tropical Storm Lee is expected to rapidly intensify into an ‘extremely dangerous’ hurricane in the Atlantic by this weekend,Weather
Labor Day sizzle: Extreme heat spreads across two-thirds of US this weekend,Weather
Recovery efforts are focused on power restoration in Florida communities as sweltering heat moves in after Hurricane Idalia,Weather
"Severe thunderstorms in Arizona knock out power to tens of thousands with high winds, heavy rains and dust storm warnings",Weather
‘This is a life-changing event’: Floridians start an arduous recovery after disastrous Idalia,Weather
How Idalia’s final moments dramatically altered its impact on Florida and prevented a worse disaster,Weather
"Deadly Tropical Storm Idalia floods parts of South Carolina, including Charleston, after pummeling Florida",Weather
The ways Hurricane Idalia made history,Weather
Hurricane Idalia is expected to hit Florida as a Category 4 storm as officials warn of ‘potential for death and catastrophic devastation’,Weather
Why coastal communities should fear storm surge,Weather
Here’s what the hurricane categories mean,Weather
"Idalia is expected to make landfall in Florida as a Category 3 hurricane with dangerous rain, winds and storm surge",Weather
Hurricane watch issued for Florida’s Gulf Coast as Tropical Storm Idalia approaches,Weather
Here’s why hurricane hunters fly their planes in weird patterns into storms,Weather
Tropical system forms that could threaten the Gulf Coast and Florida next week,Weather
At least five killed in severe storms in Michigan,Weather
"Extreme heat kills nearly 2 dozen cattle, forces evacuations from a nursing home and shuts down an ice cream parlor",Weather
"Tropical Depression Harold triggers flash floods, power outages and tornado warnings as it plows through Texas",Weather
2011 Japan Earthquake - Tsunami Fast Facts,Weather
Hilary moves through western US with historic amount of rainfall,Weather
Texas under tropical storm warning for storm expected Tuesday morning,Weather
‘We’re not built for this.’ Tropical Storm Hilary batters California with heavy rain and catastrophic floods,Weather
Gov. Newsom declares state of emergency for southern California ahead of historic Hurricane Hilary,Weather
Hurricane Hilary could dump over a year’s worth of rain on parts of the Southwest,Weather
"Hurricane Hilary intensifies to Category 3 strength, threatening significant flooding in Southern California, Southwest",Weather
What rapid intensification means for hurricanes,Weather
Hurricane Katrina Statistics Fast Facts,Weather
"Phoenix’s brutal, record-breaking summer just hit another terrible milestone",Weather
Major heat wave creates dangerous fire potential in Pacific Northwest and Canada,Weather
Tropical Storm Greg will follow Hurricane Dora’s path. Here’s how it could affect the fires in Hawaii,Weather
"Ocean heat is off the charts, so where are the hurricanes? Forecasters warn a change is coming",Weather
‘Like something out of a horror movie’: At least 6 dead and communities decimated in Maui wildfires,Weather
Tens of thousands still without power after deadly storms as a new wave of severe weather and flooding hits,Weather
Powerful storm system kills 2 and knocks out power to more than 1 million homes and businesses,Weather
Missing monsoon worsens Phoenix heat as Texas drought and fire risk grows,Weather
Flood emergencies force evacuations and water rescues across the South,Weather
Phoenix just endured the hottest month for any US city as historic heat streak comes to an end,Weather
Fire whirls and pyrocumulus clouds: How fire creates its own weather,Weather
"Explosive wildfire crossed US-Canada border, forcing evacuations",Weather
Are scorching temperatures taking a toll on your life?,Weather
